fname, lname, age
Phillip, GILES, 37
Mikayla, SERRANO, 34
Caitlin, PARKER, 25
Cory, FINLEY, 23
Paul, BENTON, 14
Mark, FELIX, 23
Kirsten, ROJAS, 16
Cesar, JENSEN, 41
Kristina, HARTMAN, 32
Stephen, SCHWARTZ, 44
Frank, HOUSTON, 19
Bryce, PATTERSON, 38
Kathryn, HENRY, 15
Brianna, MILES, 33
Cody, ROCHA, 36
Christine, CABRERA, 17
Kara, HUGHES, 10
Ariel, COMBS, 17
Ariel, MUNOZ, 38
Shane, ROMAN, 12
Jesse, FRY, 24
Elijah, MARSHALL, 20
Jason, AVERY, 45
Tanner, HOWARD, 33
Danielle, WALLER, 34
Kristin, GARRISON, 15
Brandy, MOLINA, 33
Makayla, BURTON, 46
Kevin, HURST, 15
Cody, MACIAS, 49
Alexandra, LYNN, 37
Xavier, BARRETT, 22
Emma, NORRIS, 24
Kevin, BRADLEY, 40
Ashlee, GARCIA, 48
Robert, LEE, 35
Veronica, BAILEY, 10
Tyler, RHODES, 25
John, WEBB, 13
Ronald, FOLEY, 48
Miranda, SULLIVAN, 11
Darius, ROSAS, 19
Chase, HULL, 37
Nicholas, ROLLINS, 18
Monique, ENGLISH, 19
Patricia, ARMSTRONG, 12
Mercedes, MOSS, 12
Lisa, MCDONALD, 20
Garrett, BUCHANAN, 10
David, GALLAGHER, 25
Patricia, CLAY, 38
Rachael, ROY, 45
Ashley, OWENS, 39
Bethany, SALGADO, 28
Catherine, DAWSON, 44
Brady, GARRISON, 40
Alejandro, LEWIS, 15
Katelyn, MASON, 25
Curtis, CANO, 46
Devon, VELEZ, 17
Pedro, BALL, 46
Anthony, ARNOLD, 48
Allen, BOWERS, 17
Steven, TERRELL, 48
Christopher, LU, 43
Chad, SANTANA, 16
Cindy, MONTES, 15
Brandy, VASQUEZ, 34
Parker, OBRIEN, 48
Sara, WALTER, 16
Brian, DICKSON, 20
Wyatt, NEAL, 25
Destiny, CHANG, 47
Madeline, MULLINS, 29
Kaitlyn, MONTOYA, 28
Kevin, PONCE, 43
Marcus, RODRIGUEZ, 48
Johnny, MCCORMICK, 45
Dillon, WATSON, 46
Ashlee, RICHARD, 19
Christina, MORRISON, 40
Gabriel, BERRY, 18
Troy, AVALOS, 24
Claudia, DOMINGUEZ, 15
Katherine, WATSON, 49
Roberto, CASTILLO, 29
Anna, ROSS, 43
Faith, DALTON, 42
Shane, MCMAHON, 24
Victor, STEPHENS, 46
Dakota, ALVAREZ, 38
Philip, BOWERS, 42
Calvin, FLETCHER, 44
Shane, LEE, 28
Alicia, CONRAD, 14
Blake, PINEDA, 46
Whitney, BENDER, 22
Collin, MARTIN, 20
Tyler, BLACKWELL, 31
Sabrina, MOORE, 39
Roberto, BROWNING, 16
Alicia, HARDY, 44
Colton, LYNCH, 24
Jordan, STRONG, 21
Katrina, SERRANO, 45
Jordan, ROSALES, 43
Curtis, MOON, 22
Riley, ORTEGA, 44
Alexandra, CHUNG, 33
Cynthia, PERALTA, 12
Philip, GREGORY, 42
Heather, HARRINGTON, 36
Collin, WEBER, 20
Hector, GILL, 43
Trevor, ROTH, 39
Rebekah, BRADSHAW, 16
Ivan, WOLFE, 10
Shelby, BOND, 16
Jade, ELLISON, 10
Andres, SIMS, 14
Spencer, WILKERSON, 14
Hunter, MOSLEY, 19
Oscar, DUARTE, 35
Wyatt, BAXTER, 24
Richard, KIRBY, 28
Kenneth, MENDEZ, 41
Brandi, NIELSEN, 46
David, GLASS, 25
James, FIELDS, 39
Courtney, NOVAK, 23
Sierra, ALVAREZ, 16
Rachael, MCCARTY, 21
Cindy, SALAS, 47
Shannon, BOYLE, 38
Caitlyn, KIM, 12
Angelica, KRAMER, 27
Shannon, POPE, 36
Luke, SINGH, 12
Cassandra, GALVAN, 19
Cheyenne, ODONNELL, 18
Laura, SIMPSON, 19
Andre, UNDERWOOD, 20
Erica, FARLEY, 32
Zoe, NIXON, 44
Brittney, PATTERSON, 34
Sierra, ALI, 37
Leah, STEVENSON, 22
Carly, KLINE, 25
Erin, STRONG, 35
Collin, FITZGERALD, 24
Henry, HOGAN, 26
Troy, DENNIS, 25
Grant, HUTCHINSON, 25
Ana, HUDSON, 16
Brittney, BRUCE, 36
Kathleen, WARE, 14
Blake, REYES, 47
Ricardo, WADE, 39
Mia, DELACRUZ, 17
Justin, MONTOYA, 14
Michelle, PERKINS, 27
Alejandra, HOFFMAN, 29
Kelly, DUNLAP, 25
Brandy, LU, 19
Malik, MCBRIDE, 30
Megan, MAXWELL, 13
Angel, STAFFORD, 42
Calvin, HOGAN, 33
Kristin, DODSON, 34
Mary, HUNTER, 30
Amber, GOODMAN, 26
Caleb, MARTINEZ, 48
Laura, CALLAHAN, 16
Jesus, KENNEDY, 17
Deanna, BRYAN, 12
Jocelyn, NORTON, 19
Marisa, BOWEN, 46
Alyssa, KNOX, 12
Alexandra, BARAJAS, 10
Ashlee, TAPIA, 23
Dana, WALTERS, 43
Devon, UNDERWOOD, 49
Wyatt, BOWMAN, 46
Henry, FREEMAN, 12
Cameron, WHITE, 27
Evelyn, PHILLIPS, 28
Dalton, ODOM, 36
Summer, YOUNG, 23
Katelyn, CHAPMAN, 48
Sarah, CALDWELL, 19
Amanda, MASON, 48
Tiffany, COLEMAN, 19
Steven, HIGGINS, 34
Natalie, MARTIN, 18
Ricardo, STANLEY, 24
Cassidy, MCCARTHY, 16
Dakota, HAHN, 33
Lisa, OCHOA, 43
Andrea, CORDOVA, 26
Mathew, RYAN, 44
Michelle, KENNEDY, 40
Alyssa, SHEPPARD, 18
Claudia, NEWMAN, 44
Erica, PERKINS, 49
Raymond, ALFARO, 10
Dalton, WEAVER, 32
Diamond, COLON, 47
Wyatt, MACK, 25
Devin, BOONE, 12
Alexis, FINLEY, 26
Hunter, CLEMENTS, 10
Taylor, STANTON, 39
Hayden, THOMPSON, 11
Julian, AYERS, 23
Morgan, PHILLIPS, 45
Rebecca, JAMES, 35
Daisy, LEBLANC, 14
Raven, BEIL, 13
Jerry, SOSA, 27
Katie, ALEXANDER, 15
Alejandra, NIELSEN, 31
Douglas, STEVENSON, 20
Mark, HICKMAN, 41
Rebecca, GIBSON, 17
Tara, COLEMAN, 27
Mario, GARRISON, 47
Kirsten, MEADOWS, 41
Emily, BOWERS, 32
Alexa, FISCHER, 12
Shane, DYER, 19
Gabriela, DUKE, 47
Eduardo, SILVA, 29
Andre, STEIN, 23
Mark, MADDEN, 17
Roberto, JACKSON, 29
Jeremiah, BEIL, 33
Curtis, BROOKS, 43
Kayla, HODGES, 35
David, MADDEN, 49
Luke, POPE, 49
Jennifer, MASSEY, 16
Alexis, LARSEN, 38
Jerry, HESTER, 41
Sydney, DUKE, 29
Patrick, SANTANA, 22
Kristen, SPENCER, 20
Bryce, MCMILLAN, 42
Jason, AVERY, 20
Alec, MITCHELL, 14
Bryan, RIVERA, 40
Raymond, NOVAK, 37
Cristian, BROWNING, 17
Nathaniel, DUNLAP, 17
Mikayla, DAVIDSON, 17
Krista, ARIAS, 31
Carlos, VASQUEZ, 21
Julia, MIDDLETON, 32
Erika, MELTON, 39
Colton, ACOSTA, 22
Whitney, WILCOX, 31
Ruben, VALENTINE, 40
Nicolas, COLON, 16
Derek, SEXTON, 36
Paul, ALEXANDER, 49
Selena, HENSLEY, 40
Paul, WYATT, 28
Brittany, GALLEGOS, 29
Krystal, ESPINOZA, 41
Deanna, LUGO, 46
Karen, HOLT, 43
Lucas, REEVES, 41
Victoria, BRUCE, 10
Alexander, ROBBINS, 27
Cesar, GENTRY, 15
Amy, PENNINGTON, 43
Amy, DELEON, 41
Alan, RASMUSSEN, 47
Gary, HARPER, 43
Tanner, GRANT, 31
Jesus, DANIELS, 20
Courtney, GONZALES, 19
Kylie, SHEPPARD, 36
Jesus, MEYERS, 29
Ashlee, PARRA, 16
Tony, MORENO, 30
Brittney, SHEPARD, 29
Mackenzie, ESTRADA, 48
Holly, REEVES, 38
Sarah, FRANCO, 21
Sarah, MCMAHON, 32
Henry, SNOW, 47
Mary, VELAZQUEZ, 22
Caleb, FRANKLIN, 21
Gabriella, YOUNG, 27
Aaron, DAUGHERTY, 23
Raven, CRANE, 23
Benjamin, SANTANA, 32
Max, MATHEWS, 31
Stephanie, BRADSHAW, 25
Selena, MAYER, 24
Steven, SHEPPARD, 39
Erin, GREEN, 27
Johnny, FOSTER, 27
Natalie, BARRY, 41
Xavier, MULLINS, 34
Kelsey, CURTIS, 44
Krystal, MCKEE, 16
Fernando, LEE, 36
Sarah, ATKINS, 11
Spencer, LOWERY, 25
Catherine, KRAMER, 19
Ryan, SHAH, 20
Lauren, OLSON, 31
Dana, GARRETT, 13
Ian, MANN, 20
Cameron, BROWNING, 22
Javier, DONALDSON, 13
Kaitlin, CLARK, 10
Andrew, SANDOVAL, 38
Benjamin, PRINCE, 11
Alexis, WILCOX, 28
Steven, CALLAHAN, 28
Randy, OLSON, 20
Patrick, ROGERS, 33
Kayla, SUMMERS, 25
Jade, MOSLEY, 15
Jeffrey, BURKE, 26
Bryan, FRANCIS, 36
Gabrielle, NEWMAN, 36
Randy, SHEPHERD, 23
Jacqueline, MAYNARD, 17
Luke, AUSTIN, 27
Kevin, BLANCHARD, 10
Lindsey, UNDERWOOD, 12
Michaela, LEONARD, 14
Cindy, JACOBS, 48
Alex, SANDERS, 16
Rebekah, SIMS, 47
Jake, FLOWERS, 27
Adriana, CALDERON, 33
Nancy, SALAZAR, 30
Xavier, CRAIG, 23
Troy, ALLISON, 47
Brady, BRADLEY, 37
Kendra, BLAIR, 34
Devon, PRICE, 17
Connor, VELEZ, 49
Isaiah, ROBERTSON, 22
Grace, CHRISTENSEN, 31
Faith, VILLANUEVA, 22
Sara, MCDOWELL, 31
Kendra, PINEDA, 21
Colin, HERRERA, 23
Monique, PEARSON, 44
Ariana, WHITNEY, 38
Sergio, PRATT, 14
Frank, SALAZAR, 15
Maxwell, SHELTON, 48
Daniel, CUEVAS, 13
Marissa, CORTES, 44
Christopher, BAUTISTA, 12
Angel, BLACK, 11
Mario, FRANKLIN, 32
Andrea, SUTTON, 11
Aaron, MCCOY, 16
Kaitlyn, NUNEZ, 21
Samantha, GILBERT, 48
Brandon, PHAN, 49
Caleb, LARSON, 21
Angela, CHERRY, 39
Cory, HICKS, 18
Hailey, CANTRELL, 11
Brent, MIRANDA, 46
Casey, CHASE, 38
Thomas, KLEIN, 17
Lydia, PUGH, 15
Jeremy, SMITH, 14
Gary, CAMACHO, 11
Isabel, WINTERS, 44
Angel, ALEXANDER, 22
Isabel, GREGORY, 34
Michaela, BAXTER, 46
Alicia, YU, 12
Michelle, BENJAMIN, 48
Sabrina, DYER, 43
Kevin, SERRANO, 13
Erik, LARSEN, 38
Jillian, LANG, 43
Allen, MORSE, 26
Kyle, KEMP, 17
Larry, SANTANA, 19
Chelsea, RIVERS, 45
Rebekah, DONOVAN, 33
Riley, MATA, 13
Max, SANTOS, 40
Kendra, JACOBSON, 14
Dominic, ENGLISH, 37
Breanna, WISE, 39
Mckenzie, DAVID, 15
Madeline, GILES, 18
John, WYATT, 18
Mikayla, OSBORNE, 44
Katherine, MCLAUGHLIN, 37
Miranda, CAIN, 40
Dana, WEAVER, 31
Hector, RIVERA, 42
Mario, CORONA, 29
Evelyn, MOON, 44
Larry, WILSON, 26
Michaela, BALLARD, 18
Vanessa, CHAPMAN, 34
Kendra, ZAMORA, 21
Carly, SMITH, 48
Hailey, HICKMAN, 27
Destiny, CALHOUN, 15
Collin, ADKINS, 11
Kirsten, PRATT, 18
Eduardo, TREJO, 22
Brandon, MCCOY, 42
Morgan, SMITH, 41
Alejandro, ZAMORA, 33
Gavin, YANG, 46
Carlos, FRYE, 29
Adrian, FLETCHER, 42
Natalie, MCMAHON, 41
Corey, PRESTON, 15
Holly, MARSH, 26
Makayla, PRUITT, 13
Brett, CABRERA, 12
Angelica, LOVE, 18
William, SOTO, 40
Keith, ESCOBAR, 43
Brittany, TANG, 10
Calvin, WU, 10
Garrett, PUGH, 32
Kara, CORTEZ, 47
Levi, ROTH, 28
Jose, VILLANUEVA, 14
Caleb, HARRELL, 24
Bryan, POTTER, 14
Jake, VU, 36
Lucas, NAVA, 38
Melissa, POWERS, 30
Alan, SNYDER, 21
John, NEWTON, 19
Rebecca, PECK, 25
Mitchell, COMBS, 41
Kelsey, POWELL, 13
Allen, MENDEZ, 20
Larry, ROWE, 42
April, WHITEHEAD, 44
Miranda, BOONE, 17
Nathaniel, BRADLEY, 31
Jasmin, REYNA, 20
Lindsey, ROY, 12
Gabriela, OCONNOR, 36
Alex, MATTHEWS, 34
Jorge, LARSEN, 41
Luis, NOVAK, 22
Matthew, NICHOLS, 20
Adrian, SALGADO, 12
Christian, MUNOZ, 20
Dakota, WILEY, 19
Claire, WALTON, 15
Allen, MCDANIEL, 34
Shane, WADE, 46
Caleb, SWANSON, 34
Katelyn, MULLEN, 19
Colton, IBARRA, 16
Mitchell, TAPIA, 35
Jacqueline, VELEZ, 14
Meghan, MCDANIEL, 32
Gary, TURNER, 27
Dennis, LARSON, 39
Ian, DAY, 10
Chase, BUCHANAN, 49
Calvin, OLSON, 19
Omar, GRIMES, 37
Diamond, JARVIS, 22
Tanner, COMPTON, 23
Monique, HUMPHREY, 44
Aaron, SUAREZ, 38
Johnny, BANKS, 35
Madeline, PADILLA, 43
Amy, BOND, 39
Christine, MOSLEY, 14
Stephanie, BERG, 10
Calvin, BERNAL, 31
Autumn, GARRISON, 28
Natasha, BERRY, 36
Brianna, VALENTINE, 46
Clayton, MCMILLAN, 21
Antonio, YATES, 17
Nicholas, BOYLE, 47
Hayley, VEGA, 11
Megan, ACOSTA, 15
Craig, MEDRANO, 31
Alexandra, BLACK, 24
Spencer, LANE, 39
Mitchell, CONNER, 41
Jocelyn, MORENO, 35
Michael, WARREN, 26
Nathan, RODRIGUEZ, 39
Spencer, DONOVAN, 48
Nathan, MAYO, 38
Kirsten, BELL, 32
Marco, SAMPSON, 34
Madison, BOWEN, 47
Sergio, LEACH, 42
Gary, PETERSEN, 23
Andre, DUARTE, 22
Alexandra, CLARKE, 23
Ruben, ROCHA, 11
Brooke, ANDERSEN, 34
Chad, BOWEN, 31
Emily, MENDEZ, 39
John, BURTON, 25
Allen, ZIMMERMAN, 23
Malik, GRIMES, 34
Valerie, RHODES, 30
Nicholas, SIMON, 43
Alex, SMITH, 15
Bailey, STEELE, 44
Corey, HENSLEY, 12
Daisy, GROSS, 39
Joseph, JOSEPH, 18
Nicholas, GALLEGOS, 38
Karen, FULLER, 29
Brian, HARPER, 11
Larry, ROWLAND, 28
John, MACDONALD, 40
Maria, BELTRAN, 25
Crystal, LEE, 31
Shane, STEWART, 35
Julian, BEIL, 20
Fernando, MARSH, 47
April, JARAMILLO, 34
Kathryn, THOMAS, 18
Alexandra, MERCADO, 19
Julie, MATHEWS, 10
Malik, JACOBS, 20
Natasha, WILLIAMSON, 16
Parker, SIMPSON, 27
Devon, CASTILLO, 42
Stephanie, HOUSE, 26
Mikayla, NOBLE, 20
Daniel, HILL, 12
Alexandria, COMBS, 45
Douglas, MARSHALL, 38
Dominique, MEYERS, 28
Madison, WINTERS, 13
Lucas, FULLER, 31
Gabriela, ROBERSON, 41
Karen, LOWE, 43
Jordan, CHASE, 24
Noah, FISHER, 14
Adrian, FITZPATRICK, 32
Roberto, CORREA, 15
Miranda, CALDERON, 38
Antonio, FLOWERS, 39
Haley, WU, 25
Jorge, RUSSO, 36
Luis, STEELE, 21
Steven, ONEAL, 40
Scott, MIRANDA, 49
April, BRANDT, 31
Alec, LEON, 46
Devin, CHANDLER, 13
Jackson, PERSON, 17
Hector, GARCIA, 12
Audrey, SANDOVAL, 21
Ivan, MEDRANO, 46
Claudia, HANCOCK, 48
Alexandria, KAUR, 15
Lauren, BERNAL, 12
Matthew, KELLY, 40
Samuel, BARR, 38
Dylan, MULLINS, 40
Ruben, CHURCH, 31
Emma, WARNER, 33
Thomas, BALLARD, 41
Nancy, MCKEE, 35
Marcus, LARA, 31
Jacqueline, OCONNOR, 42
Kelly, ROBINSON, 16
Ariana, BATES, 20
Thomas, BRUCE, 36
Andrea, NIXON, 11
Paige, BARRERA, 21
Kayla, WOOD, 16
Blake, GREEN, 24
Jose, HOPKINS, 19
Trevor, MCKEE, 21
Blake, KIM, 47
Jerry, NOLAN, 13
Brianna, FORD, 41
Sydney, LYNCH, 30
Chase, NEWMAN, 32
Andres, SANDOVAL, 26
Erica, ASHLEY, 46
Jacob, WOODARD, 37
Abigail, HOUSTON, 31
Alexandra, CRANE, 36
Raven, PINEDA, 25
Felicia, TAYLOR, 30
Adriana, HAYES, 21
Gregory, NUNEZ, 31
Brett, HOLMES, 22
Kara, ARMSTRONG, 46
Marisa, PENA, 31
Marco, DYER, 36
Brooke, CARPENTER, 19
Chase, ROGERS, 10
Katie, MCKINNEY, 24
Marcus, JUAREZ, 44
Sophia, MONTOYA, 37
Anthony, RAYMOND, 20
Elijah, MEYER, 38
Joel, WRIGHT, 41
Ronald, CLEMENTS, 45
Ashlee, HUDSON, 18
Kaylee, SANTANA, 41
Nathan, BELL, 37
Luis, SHEPPARD, 33
Isabella, COHEN, 11
Evelyn, VARGAS, 42
Carly, SALINAS, 41
Ricardo, BENJAMIN, 42
Drew, BRADLEY, 26
Max, PACHECO, 35
Vincent, LI, 17
Mackenzie, ROGERS, 44
Jordan, FRIEDMAN, 47
Brittney, SIMPSON, 27
Amber, COLEMAN, 33
Chelsea, ANDREWS, 46
Claire, BROWNING, 10
Julia, GILMORE, 34
Shannon, WOODARD, 10
Jacob, HESS, 16
Jacqueline, CHASE, 19
Destiny, MELTON, 21
Michaela, LYNCH, 24
Isaiah, ARNOLD, 26
Austin, GRANT, 11
Gabriela, BARRY, 28
Jade, BANKS, 48
Travis, ADKINS, 16
Jesse, BENNETT, 30
Dominique, VELEZ, 10
Victoria, MCDOWELL, 41
Christian, LOPEZ, 15
Caitlyn, MCKENZIE, 11
Dylan, GRIFFIN, 13
Anthony, EVERETT, 40
Heather, GONZALES, 28
Natasha, PARK, 22
Nathaniel, WALKER, 14
Sarah, MONTOYA, 30
Manuel, AVERY, 23
Jessica, KEITH, 23
Brianna, MAYO, 10
Felicia, CARSON, 45
Nicolas, MACDONALD, 47
Allen, WHITE, 39
Ryan, EVERETT, 10
Allison, DUNN, 32
Sergio, NASH, 36
Kayla, BEAN, 24
Colton, DUNLAP, 39
Corey, CUNNINGHAM, 19
Katie, ROSARIO, 39
Kimberly, PUGH, 33
Michaela, MCCARTY, 15
Leslie, ANDERSEN, 47
Tyler, HOGAN, 23
Ashley, HUBBARD, 34
Haley, HERMAN, 19
Johnathan, BENDER, 40
Wesley, CHASE, 27
Amanda, GLASS, 32
Thomas, GREEN, 26
Victoria, HAMMOND, 43
Lisa, SALINAS, 11
Gary, HINTON, 19
Henry, FORD, 17
Logan, JENSEN, 31
Cory, HUDSON, 40
Jade, RICHMOND, 16
Andres, DAVENPORT, 19
Karina, HAYES, 35
Edgar, ZUNIGA, 18
Raven, NEWTON, 38
Alejandra, NOVAK, 47
Ian, TATE, 40
Hannah, NOVAK, 47
Jessica, ZIMMERMAN, 34
Evelyn, BENTLEY, 44
Breanna, COCHRAN, 39
Sergio, MORGAN, 19
Christian, QUINN, 39
Derek, WOLF, 34
Edward, BENNETT, 14
Danielle, PITTMAN, 23
Dennis, AUSTIN, 24
Kelsey, WYATT, 16
Jordan, MOSES, 25
Travis, LEON, 38
Caleb, BUCHANAN, 43
Mia, REESE, 48
Mckenzie, MAYO, 49
Kara, FISHER, 29
Jacqueline, HUFFMAN, 49
Kristen, BARRETT, 43
Larry, BOWERS, 37
Cynthia, HERNANDEZ, 46
Maria, HESS, 41
Carlos, WALTERS, 35
Aaron, FITZGERALD, 42
Alison, KENT, 37
Gina, DAVILA, 40
Javier, COCHRAN, 40
Wesley, KIM, 33
Claire, MCCULLOUGH, 39
Jesse, VO, 13
Miguel, LIU, 20
Raven, CHAVEZ, 46
Tiffany, SCHMITT, 43
Alison, VENTURA, 39
Mercedes, ROACH, 11
Fernando, MEYERS, 13
Cole, TRUJILLO, 12
Austin, PATTERSON, 37
Erik, FLOYD, 36
Jackson, ELLIS, 47
Marisa, LIM, 32
Connor, ENGLISH, 33
Derek, JARVIS, 16
Margaret, CARTER, 32
Angel, MEYER, 45
Dillon, SANDERS, 36
Isaiah, STUART, 15
Brenda, KNOX, 31
Miguel, REYES, 38
Kathryn, OLIVER, 42
Andres, WOLF, 44
Christopher, HUGHES, 31
Gary, WARREN, 11
Desiree, STOUT, 13
Alyssa, ANDREWS, 13
Vanessa, ERICKSON, 33
Johnny, WALLER, 49
Eduardo, LOWERY, 15
Dalton, BRANCH, 46
Julian, SILVA, 12
Bethany, ROJAS, 13
Mitchell, MCCLURE, 18
Cristian, HUBER, 15
Matthew, CASEY, 40
Paul, POTTER, 41
Leslie, KNIGHT, 12
Luke, FRENCH, 30
Audrey, MUNOZ, 20
Bradley, SUAREZ, 28
Gregory, CROSBY, 49
Alexander, TERRELL, 16
Amber, CAMACHO, 24
Timothy, DEAN, 21
James, GOODMAN, 21
Kevin, THORNTON, 44
Tyler, FREEMAN, 34
Joseph, VU, 38
Vincent, WILEY, 10
Jessica, MERRITT, 21
Dominique, NIXON, 43
Ian, LITTLE, 10
Alison, COBB, 42
Makayla, LIVINGSTON, 25
Isabel, GARRETT, 12
Elizabeth, TUCKER, 39
Briana, DAWSON, 17
Caleb, REEVES, 41
Angel, SWEENEY, 33
Joanna, KNOX, 18
Mary, SOLOMON, 28
Kristina, GRIFFITH, 48
Marissa, CROSBY, 37
Miranda, SALAS, 39
Richard, ACEVEDO, 40
Mario, SHERMAN, 25
Nicholas, WEBB, 41
Dennis, ABBOTT, 42
John, CARSON, 26
Travis, DOUGLAS, 16
Eric, GREGORY, 34
Marissa, PETERSEN, 13
Sophia, CERVANTES, 10
Laura, VILLANUEVA, 33
April, MAYER, 16
Cynthia, STRICKLAND, 30
Lindsey, SALAZAR, 33
Colton, SULLIVAN, 28
Samuel, AHMED, 19
Paul, CURTIS, 32
Elizabeth, LYONS, 38
Hayden, HANSEN, 22
Caitlin, VALENZUELA, 15
Bethany, LAWSON, 39
Parker, KOCH, 37
Kristen, VINCENT, 12
Cameron, GARCIA, 10
Tiffany, BREWER, 19
Allen, GRAY, 13
Zachary, MURRAY, 23
Frank, LUNA, 25
Cynthia, FARLEY, 29
Alec, DODSON, 38
Elijah, NORRIS, 16
Darius, ESTES, 12
Richard, CAMACHO, 14
Bradley, VILLANUEVA, 37
George, DAVENPORT, 33
Noah, KERR, 17
Ashlee, WILKINS, 32
Deanna, SHORT, 14
Heather, DANIEL, 17
Derek, SANCHEZ, 23
Andres, CASTRO, 12
Marisa, SIMS, 49
Scott, QUINTERO, 42
Diana, CHAMBERS, 12
Krystal, COLLIER, 14
Travis, SAWYER, 48
Shawn, BENTON, 48
Margaret, KEITH, 11
Eduardo, GREER, 40
Lydia, HARVEY, 23
Kelsey, BAUTISTA, 41
Jocelyn, BERGER, 39
Parker, COLEMAN, 39
Isabella, HORTON, 35
Jared, WOODARD, 29
Evelyn, NUNEZ, 17
Mackenzie, PRINCE, 14
Wesley, PERKINS, 16
Kelsey, WILKINS, 13
Allen, WARD, 40
Calvin, WOODARD, 27
Jade, CARSON, 26
Angel, SHAFFER, 48
Alexander, COLEMAN, 46
David, FREDERICK, 49
Valerie, SILVA, 11
Christian, WALKER, 23
Angel, BURCH, 22
Evelyn, HURLEY, 42
Amy, LIVINGSTON, 44
Hannah, MOYER, 47
Cassandra, MOODY, 22
Gina, SIMON, 44
Kaylee, NOVAK, 22
Ethan, BRANCH, 31
Madeline, ANDERSEN, 28
Hector, ANDRADE, 39
Angela, HERRERA, 45
Megan, COMBS, 18
Brittany, ROCHA, 33
Chelsea, BLACKWELL, 38
Jenna, BREWER, 21
Melanie, MADDOX, 20
Spencer, MCKINNEY, 36
Luke, RILEY, 26
Andrew, RHODES, 12
Wesley, EATON, 29
William, WEAVER, 16
Brittany, STONE, 38
Patrick, DUARTE, 43
Abigail, JACKSON, 13
Ariana, PACE, 28
Tyler, CLAY, 18
Courtney, HANCOCK, 18
Bailey, ROBERSON, 41
Abigail, JACOBS, 25
Adriana, DANIEL, 19
Vanessa, VARGAS, 48
Ivan, COLE, 27
Wyatt, BAUER, 31
Max, WILLIAMSON, 19
Katie, PARKER, 17
Veronica, GOMEZ, 22
Selena, MCLEAN, 35
Gregory, COOK, 41
Alison, BROCK, 34
Michaela, HINTON, 11
Paul, CROSBY, 34
Marcus, WEBSTER, 10
Andres, CHARLES, 48
Jasmine, CHUNG, 26
Cindy, ELLISON, 18
Brenda, MELTON, 10
Shane, MORTON, 11
Jose, YATES, 30
Olivia, BEIL, 40
Michael, NGUYEN, 39
Levi, BLEVINS, 21
Oscar, BOOTH, 43
Eric, HANSEN, 34
Audrey, WOODWARD, 10
Destiny, SHANNON, 23
Monica, MCMILLAN, 14
Riley, VAUGHN, 37
Melanie, MACIAS, 33
Austin, UNDERWOOD, 21
Peter, CAMPBELL, 49
Melanie, COOPER, 26
Preston, BUCHANAN, 47
Antonio, MCCALL, 39
Hector, ATKINSON, 25
Ashley, WEEKS, 47
Isaiah, RODRIGUEZ, 38
Eduardo, FOSTER, 24
Hailey, WHITAKER, 22
Scott, WHITAKER, 28
Shelby, LANE, 46
Sara, PATTERSON, 44
Brady, KNOX, 38
Xavier, SCHROEDER, 32
Olivia, DONOVAN, 33
Riley, FRANKLIN, 43
Brianna, OBRIEN, 46
Chad, MCKINNEY, 35
Miranda, COLON, 39
Jacqueline, SAVAGE, 14
Bianca, FELIX, 16
Patricia, SHEPPARD, 42
Holly, LARSON, 40
Cynthia, HOFFMAN, 15
Christina, HORN, 16
Nathan, TOWNSEND, 15
Austin, MACDONALD, 11
Kenneth, SIERRA, 16
Brooke, TYLER, 28
Isabel, ACEVEDO, 15
Kimberly, FINLEY, 34
Megan, VELEZ, 32
Collin, MYERS, 42
Thomas, JACOBSON, 18
Alec, SAWYER, 37
Collin, SCHROEDER, 16
Alexis, LUCERO, 34
Larry, PENA, 33
Keith, BLACK, 32
Jose, TRUONG, 12
Holly, MALONE, 10
Julian, LU, 29
Ronald, BARRY, 26
April, MANNING, 21
Noah, ALLISON, 29
Jenna, KELLY, 41
Casey, SOTO, 25
Shane, HESS, 36
James, HORN, 44
Brandi, HERNANDEZ, 26
Andres, ANDRADE, 17
Dillon, CUNNINGHAM, 37
Sydney, BUCHANAN, 38
Makayla, CHAMBERS, 41
Patrick, FITZPATRICK, 26
Bryan, DICKERSON, 17
Mckenzie, PONCE, 48
Sandra, CRAIG, 28
Deanna, HAMPTON, 30
Jacqueline, THORNTON, 32
Brooke, RICHARDS, 19
Dakota, MCLEAN, 11
Kirsten, POTTS, 44
Chloe, DONALDSON, 45
Jose, ROCHA, 42
Travis, JARVIS, 12
Julie, LESTER, 30
Nicolas, PALMER, 20
Malik, HUNT, 28
Isabel, MCCANN, 20
Nicolas, JACOBS, 24
Jose, FLETCHER, 21
Brian, BLAIR, 42
Alexander, BYRD, 34
Chad, MEYERS, 14
Richard, CHAVEZ, 37
Alejandra, ROSE, 42
Lucas, ESCOBAR, 34
Carlos, MELENDEZ, 32
Cesar, PARSONS, 14
Jake, HARDING, 45
Patricia, BENITEZ, 31
Sophia, MCKENZIE, 11
Destiny, BAXTER, 14
Allison, ONEAL, 36
Austin, MILLER, 36
Marisa, HENDRICKS, 42
